left_spec_id,right_spec_id
www.isupplyhub.com//1586,www.amazon.com//2043
www.isupplyhub.com//326,www.amazon.com//2284
www.amazon.com//1313,www.flexshopper.com//2173
www.amazon.com//1313,www.amazon.com//1389
www.flexshopper.com//2173,www.amazon.com//1389
www.flexshopper.com//326,www.amazon.com//1752
www.ebay.com//50067,www.ebay.com//7710
www.thenerds.net//1394,wallmartphoto.com//813
wallmartphoto.com//596,www.ebay.com//49201
www.amazon.com//1652,www.isupplyhub.com//389
www.isupplyhub.com//168,www.amazon.com//1879
buy.net//1789,buy.net//132
ni.traetelo.com//5901,www.isupplyhub.com//1535
www.amazon.com//1645,www.amazon.com//1671
www.isupplyhub.com//1431,www.amazon.com//953
www.vology.com//50,www.vology.com//3843
www.vology.com//579,www.vology.com//666
www.ebay.com//13882,www.ebay.com//8237
www.ebay.com//50062,www.ebay.com//16585
www.ebay.com//50062,www.ebay.com//14477
www.ebay.com//50062,www.ebay.com//14152
www.ebay.com//16585,www.ebay.com//14477
www.ebay.com//16585,www.ebay.com//14152
www.ebay.com//14477,www.ebay.com//14152
www.ebay.com//17839,www.ebay.com//14212
www.ebay.com//17839,www.ebay.com//18325
www.ebay.com//14212,www.ebay.com//18325
www.ebay.com//49993,www.ebay.com//49167
www.ebay.com//49993,www.ebay.com//14236
www.ebay.com//49993,www.ebay.com//15345
www.ebay.com//49993,www.ebay.com//5021
www.ebay.com//49993,www.ebay.com//3345
www.ebay.com//49167,www.ebay.com//14236
www.ebay.com//49167,www.ebay.com//15345
www.ebay.com//49167,www.ebay.com//5021
www.ebay.com//49167,www.ebay.com//3345
www.ebay.com//14236,www.ebay.com//15345
www.ebay.com//14236,www.ebay.com//5021
www.ebay.com//14236,www.ebay.com//3345
www.ebay.com//15345,www.ebay.com//5021
www.ebay.com//15345,www.ebay.com//3345
www.ebay.com//5021,www.ebay.com//3345
www.ebay.com//14957,www.ebay.com//17878
www.ebay.com//14957,www.ebay.com//18626
www.ebay.com//17878,www.ebay.com//18626
www.flexshopper.com//1318,www.ebay.com//17882
www.ebay.com//7616,www.ebay.com//2019
www.ebay.com//4934,www.ebay.com//50063
www.ebay.com//51482,www.ebay.com//6397
www.flexshopper.com//990,www.flexshopper.com//2032
www.staples.com//92,www.overstock.com//742
www.staples.com//92,www.staples.com//121
www.overstock.com//742,www.staples.com//121
www.ebay.com//17434,www.ebay.com//8868
www.ebay.com//17434,www.ebay.com//15229
www.ebay.com//17434,www.ebay.com//51082
www.ebay.com//17434,www.ebay.com//17927
www.ebay.com//8868,www.ebay.com//15229
www.ebay.com//8868,www.ebay.com//51082
www.ebay.com//8868,www.ebay.com//17927
www.ebay.com//15229,www.ebay.com//51082
www.ebay.com//15229,www.ebay.com//17927
www.ebay.com//51082,www.ebay.com//17927
www.ebay.com//18586,www.flexshopper.com//1333
www.ebay.com//51496,www.ebay.com//9224
www.ebay.com//14231,www.ebay.com//17199
www.ebay.com//51553,www.ebay.com//14886
www.ebay.com//51553,www.ebay.com//17165
www.ebay.com//14886,www.ebay.com//17165
www.ebay.com//2771,www.ebay.com//18732
www.ebay.com//16958,www.ebay.com//3849
www.ebay.com//16958,www.ebay.com//17923
www.ebay.com//16958,www.ebay.com//13857
www.ebay.com//16958,www.ebay.com//50937
www.ebay.com//16958,www.ebay.com//18472
www.ebay.com//3849,www.ebay.com//17923
www.ebay.com//3849,www.ebay.com//13857
www.ebay.com//3849,www.ebay.com//50937
www.ebay.com//3849,www.ebay.com//18472
www.ebay.com//17923,www.ebay.com//13857
www.ebay.com//17923,www.ebay.com//50937
www.ebay.com//17923,www.ebay.com//18472
www.ebay.com//13857,www.ebay.com//50937
www.ebay.com//13857,www.ebay.com//18472
www.ebay.com//50937,www.ebay.com//18472
www.ebay.com//5899,www.ebay.com//17354
www.ebay.com//52405,www.ebay.com//3066
www.ebay.com//52405,www.ebay.com//49639
www.ebay.com//3066,www.ebay.com//49639
www.ebay.com//13914,www.ebay.com//4704
www.vology.com//3784,www.vology.com//478
www.vology.com//3784,www.flexshopper.com//1729
www.vology.com//3784,www.flexshopper.com//778
www.vology.com//3784,www.vology.com//1485
www.vology.com//3784,www.vology.com//425
www.vology.com//3784,www.vology.com//3010
www.vology.com//3784,www.vology.com//3778
www.vology.com//3784,www.vology.com//873
www.vology.com//3784,www.vology.com//1026
www.vology.com//3784,www.vology.com//2129
www.vology.com//3784,www.flexshopper.com//488
www.vology.com//3784,www.vology.com//3543
www.vology.com//3784,www.pricequebec.com//824
www.vology.com//3784,www.vology.com//4413
www.vology.com//3784,www.vology.com//3944
www.vology.com//3784,www.vology.com//4058
www.vology.com//3784,www.vology.com//25
www.vology.com//3784,www.vology.com//4000
www.vology.com//3784,www.vology.com//457
www.vology.com//3784,www.vology.com//214
www.vology.com//3784,www.ebay.com//18562
www.vology.com//3784,www.vology.com//2084
www.vology.com//3784,www.vology.com//3901
www.vology.com//3784,www.vology.com//80
www.vology.com//3784,www.vology.com//3113
www.vology.com//3784,www.vology.com//844
www.vology.com//3784,www.vology.com//546
www.vology.com//3784,www.ebay.com//16191
www.vology.com//3784,www.vology.com//146
www.vology.com//3784,www.vology.com//3585
www.vology.com//3784,www.vology.com//1956
www.vology.com//3784,www.vology.com//2848
www.vology.com//3784,www.vology.com//1728
www.vology.com//3784,www.vology.com//1870
www.vology.com//3784,www.vology.com//4402
www.vology.com//3784,www.vology.com//4475
www.vology.com//3784,www.softwarecity.ca//737
www.vology.com//3784,www.vology.com//1001
www.vology.com//3784,www.vology.com//497
www.vology.com//3784,www.vology.com//1895
www.vology.com//3784,www.flexshopper.com//884
www.vology.com//3784,www.vology.com//1578
www.vology.com//3784,www.vology.com//4463
www.vology.com//3784,www.vology.com//1566
www.vology.com//3784,www.isupplyhub.com//1244
www.vology.com//478,www.flexshopper.com//1729
www.vology.com//478,www.flexshopper.com//778
www.vology.com//478,www.vology.com//1485
www.vology.com//478,www.vology.com//425
www.vology.com//478,www.vology.com//3010
www.vology.com//478,www.vology.com//3778
www.vology.com//478,www.vology.com//873
www.vology.com//478,www.vology.com//1026
www.vology.com//478,www.vology.com//2129
www.vology.com//478,www.flexshopper.com//488
www.vology.com//478,www.vology.com//3543
www.vology.com//478,www.pricequebec.com//824
www.vology.com//478,www.vology.com//4413
www.vology.com//478,www.vology.com//3944
www.vology.com//478,www.vology.com//4058
www.vology.com//478,www.vology.com//25
www.vology.com//478,www.vology.com//4000
www.vology.com//478,www.vology.com//457
www.vology.com//478,www.vology.com//214
www.vology.com//478,www.ebay.com//18562
www.vology.com//478,www.vology.com//2084
www.vology.com//478,www.vology.com//3901
www.vology.com//478,www.vology.com//80
www.vology.com//478,www.vology.com//3113
www.vology.com//478,www.vology.com//844
www.vology.com//478,www.vology.com//546
www.vology.com//478,www.ebay.com//16191
www.vology.com//478,www.vology.com//146
www.vology.com//478,www.vology.com//3585
www.vology.com//478,www.vology.com//1956
www.vology.com//478,www.vology.com//2848
www.vology.com//478,www.vology.com//1728
www.vology.com//478,www.vology.com//1870
www.vology.com//478,www.vology.com//4402
www.vology.com//478,www.vology.com//4475
www.vology.com//478,www.softwarecity.ca//737
www.vology.com//478,www.vology.com//1001
www.vology.com//478,www.vology.com//497
www.vology.com//478,www.vology.com//1895
www.vology.com//478,www.flexshopper.com//884
www.vology.com//478,www.vology.com//1578
www.vology.com//478,www.vology.com//4463
www.vology.com//478,www.vology.com//1566
www.vology.com//478,www.isupplyhub.com//1244
www.flexshopper.com//1729,www.flexshopper.com//778
www.flexshopper.com//1729,www.vology.com//1485
www.flexshopper.com//1729,www.vology.com//425
www.flexshopper.com//1729,www.vology.com//3010
www.flexshopper.com//1729,www.vology.com//3778
www.flexshopper.com//1729,www.vology.com//873
www.flexshopper.com//1729,www.vology.com//1026
www.flexshopper.com//1729,www.vology.com//2129
www.flexshopper.com//1729,www.flexshopper.com//488
www.flexshopper.com//1729,www.vology.com//3543
www.flexshopper.com//1729,www.pricequebec.com//824
www.flexshopper.com//1729,www.vology.com//4413
www.flexshopper.com//1729,www.vology.com//3944
www.flexshopper.com//1729,www.vology.com//4058
www.flexshopper.com//1729,www.vology.com//25
www.flexshopper.com//1729,www.vology.com//4000
www.flexshopper.com//1729,www.vology.com//457
www.flexshopper.com//1729,www.vology.com//214
www.flexshopper.com//1729,www.ebay.com//18562
www.flexshopper.com//1729,www.vology.com//2084
www.flexshopper.com//1729,www.vology.com//3901
www.flexshopper.com//1729,www.vology.com//80
www.flexshopper.com//1729,www.vology.com//3113
www.flexshopper.com//1729,www.vology.com//844
www.flexshopper.com//1729,www.vology.com//546
www.flexshopper.com//1729,www.ebay.com//16191
www.flexshopper.com//1729,www.vology.com//146
www.flexshopper.com//1729,www.vology.com//3585
www.flexshopper.com//1729,www.vology.com//1956
www.flexshopper.com//1729,www.vology.com//2848
www.flexshopper.com//1729,www.vology.com//1728
www.flexshopper.com//1729,www.vology.com//1870
www.flexshopper.com//1729,www.vology.com//4402
www.flexshopper.com//1729,www.vology.com//4475
www.flexshopper.com//1729,www.softwarecity.ca//737
www.flexshopper.com//1729,www.vology.com//1001
www.flexshopper.com//1729,www.vology.com//497
www.flexshopper.com//1729,www.vology.com//1895
www.flexshopper.com//1729,www.flexshopper.com//884
www.flexshopper.com//1729,www.vology.com//1578
www.flexshopper.com//1729,www.vology.com//4463
www.flexshopper.com//1729,www.vology.com//1566
www.flexshopper.com//1729,www.isupplyhub.com//1244
www.flexshopper.com//778,www.vology.com//1485
www.flexshopper.com//778,www.vology.com//425
www.flexshopper.com//778,www.vology.com//3010
www.flexshopper.com//778,www.vology.com//3778
www.flexshopper.com//778,www.vology.com//873
www.flexshopper.com//778,www.vology.com//1026
www.flexshopper.com//778,www.vology.com//2129
www.flexshopper.com//778,www.flexshopper.com//488
www.flexshopper.com//778,www.vology.com//3543
www.flexshopper.com//778,www.pricequebec.com//824
www.flexshopper.com//778,www.vology.com//4413
www.flexshopper.com//778,www.vology.com//3944
www.flexshopper.com//778,www.vology.com//4058
www.flexshopper.com//778,www.vology.com//25
www.flexshopper.com//778,www.vology.com//4000
www.flexshopper.com//778,www.vology.com//457
www.flexshopper.com//778,www.vology.com//214
www.flexshopper.com//778,www.ebay.com//18562
www.flexshopper.com//778,www.vology.com//2084
www.flexshopper.com//778,www.vology.com//3901
www.flexshopper.com//778,www.vology.com//80
www.flexshopper.com//778,www.vology.com//3113
www.flexshopper.com//778,www.vology.com//844
www.flexshopper.com//778,www.vology.com//546
www.flexshopper.com//778,www.ebay.com//16191
www.flexshopper.com//778,www.vology.com//146
www.flexshopper.com//778,www.vology.com//3585
www.flexshopper.com//778,www.vology.com//1956
www.flexshopper.com//778,www.vology.com//2848
www.flexshopper.com//778,www.vology.com//1728
www.flexshopper.com//778,www.vology.com//1870
www.flexshopper.com//778,www.vology.com//4402
www.flexshopper.com//778,www.vology.com//4475
www.flexshopper.com//778,www.softwarecity.ca//737
www.flexshopper.com//778,www.vology.com//1001
www.flexshopper.com//778,www.vology.com//497
www.flexshopper.com//778,www.vology.com//1895
www.flexshopper.com//778,www.flexshopper.com//884
www.flexshopper.com//778,www.vology.com//1578
www.flexshopper.com//778,www.vology.com//4463
www.flexshopper.com//778,www.vology.com//1566
www.flexshopper.com//778,www.isupplyhub.com//1244
www.vology.com//1485,www.vology.com//425
www.vology.com//1485,www.vology.com//3010
www.vology.com//1485,www.vology.com//3778
www.vology.com//1485,www.vology.com//873
www.vology.com//1485,www.vology.com//1026
www.vology.com//1485,www.vology.com//2129
www.vology.com//1485,www.flexshopper.com//488
www.vology.com//1485,www.vology.com//3543
www.vology.com//1485,www.pricequebec.com//824
www.vology.com//1485,www.vology.com//4413
www.vology.com//1485,www.vology.com//3944
www.vology.com//1485,www.vology.com//4058
www.vology.com//1485,www.vology.com//25
www.vology.com//1485,www.vology.com//4000
www.vology.com//1485,www.vology.com//457
www.vology.com//1485,www.vology.com//214
www.vology.com//1485,www.ebay.com//18562
www.vology.com//1485,www.vology.com//2084
www.vology.com//1485,www.vology.com//3901
www.vology.com//1485,www.vology.com//80
www.vology.com//1485,www.vology.com//3113
www.vology.com//1485,www.vology.com//844
www.vology.com//1485,www.vology.com//546
www.vology.com//1485,www.ebay.com//16191
www.vology.com//1485,www.vology.com//146
www.vology.com//1485,www.vology.com//3585
www.vology.com//1485,www.vology.com//1956
www.vology.com//1485,www.vology.com//2848
www.vology.com//1485,www.vology.com//1728
www.vology.com//1485,www.vology.com//1870
www.vology.com//1485,www.vology.com//4402
www.vology.com//1485,www.vology.com//4475
www.vology.com//1485,www.softwarecity.ca//737
www.vology.com//1485,www.vology.com//1001
www.vology.com//1485,www.vology.com//497
www.vology.com//1485,www.vology.com//1895
www.vology.com//1485,www.flexshopper.com//884
www.vology.com//1485,www.vology.com//1578
www.vology.com//1485,www.vology.com//4463
www.vology.com//1485,www.vology.com//1566
www.vology.com//1485,www.isupplyhub.com//1244
www.vology.com//425,www.vology.com//3010
www.vology.com//425,www.vology.com//3778
www.vology.com//425,www.vology.com//873
www.vology.com//425,www.vology.com//1026
www.vology.com//425,www.vology.com//2129
www.vology.com//425,www.flexshopper.com//488
www.vology.com//425,www.vology.com//3543
www.vology.com//425,www.pricequebec.com//824
www.vology.com//425,www.vology.com//4413
www.vology.com//425,www.vology.com//3944
www.vology.com//425,www.vology.com//4058
www.vology.com//425,www.vology.com//25
www.vology.com//425,www.vology.com//4000
www.vology.com//425,www.vology.com//457
www.vology.com//425,www.vology.com//214
www.vology.com//425,www.ebay.com//18562
www.vology.com//425,www.vology.com//2084
www.vology.com//425,www.vology.com//3901
www.vology.com//425,www.vology.com//80
www.vology.com//425,www.vology.com//3113
www.vology.com//425,www.vology.com//844
www.vology.com//425,www.vology.com//546
www.vology.com//425,www.ebay.com//16191
www.vology.com//425,www.vology.com//146
www.vology.com//425,www.vology.com//3585
www.vology.com//425,www.vology.com//1956
www.vology.com//425,www.vology.com//2848
www.vology.com//425,www.vology.com//1728
www.vology.com//425,www.vology.com//1870
www.vology.com//425,www.vology.com//4402
www.vology.com//425,www.vology.com//4475
www.vology.com//425,www.softwarecity.ca//737
www.vology.com//425,www.vology.com//1001
www.vology.com//425,www.vology.com//497
www.vology.com//425,www.vology.com//1895
www.vology.com//425,www.flexshopper.com//884
www.vology.com//425,www.vology.com//1578
www.vology.com//425,www.vology.com//4463
www.vology.com//425,www.vology.com//1566
www.vology.com//425,www.isupplyhub.com//1244
www.vology.com//3010,www.vology.com//3778
www.vology.com//3010,www.vology.com//873
www.vology.com//3010,www.vology.com//1026
www.vology.com//3010,www.vology.com//2129
www.vology.com//3010,www.flexshopper.com//488
www.vology.com//3010,www.vology.com//3543
www.vology.com//3010,www.pricequebec.com//824
www.vology.com//3010,www.vology.com//4413
www.vology.com//3010,www.vology.com//3944
www.vology.com//3010,www.vology.com//4058
www.vology.com//3010,www.vology.com//25
www.vology.com//3010,www.vology.com//4000
www.vology.com//3010,www.vology.com//457
www.vology.com//3010,www.vology.com//214
www.vology.com//3010,www.ebay.com//18562
www.vology.com//3010,www.vology.com//2084
www.vology.com//3010,www.vology.com//3901
www.vology.com//3010,www.vology.com//80
www.vology.com//3010,www.vology.com//3113
www.vology.com//3010,www.vology.com//844
www.vology.com//3010,www.vology.com//546
www.vology.com//3010,www.ebay.com//16191
www.vology.com//3010,www.vology.com//146
www.vology.com//3010,www.vology.com//3585
www.vology.com//3010,www.vology.com//1956
www.vology.com//3010,www.vology.com//2848
www.vology.com//3010,www.vology.com//1728
www.vology.com//3010,www.vology.com//1870
www.vology.com//3010,www.vology.com//4402
www.vology.com//3010,www.vology.com//4475
www.vology.com//3010,www.softwarecity.ca//737
www.vology.com//3010,www.vology.com//1001
www.vology.com//3010,www.vology.com//497
www.vology.com//3010,www.vology.com//1895
www.vology.com//3010,www.flexshopper.com//884
www.vology.com//3010,www.vology.com//1578
www.vology.com//3010,www.vology.com//4463
www.vology.com//3010,www.vology.com//1566
www.vology.com//3010,www.isupplyhub.com//1244
www.vology.com//3778,www.vology.com//873
www.vology.com//3778,www.vology.com//1026
www.vology.com//3778,www.vology.com//2129
www.vology.com//3778,www.flexshopper.com//488
www.vology.com//3778,www.vology.com//3543
www.vology.com//3778,www.pricequebec.com//824
www.vology.com//3778,www.vology.com//4413
www.vology.com//3778,www.vology.com//3944
www.vology.com//3778,www.vology.com//4058
www.vology.com//3778,www.vology.com//25
www.vology.com//3778,www.vology.com//4000
www.vology.com//3778,www.vology.com//457
www.vology.com//3778,www.vology.com//214
www.vology.com//3778,www.ebay.com//18562
www.vology.com//3778,www.vology.com//2084
www.vology.com//3778,www.vology.com//3901
www.vology.com//3778,www.vology.com//80
www.vology.com//3778,www.vology.com//3113
www.vology.com//3778,www.vology.com//844
www.vology.com//3778,www.vology.com//546
www.vology.com//3778,www.ebay.com//16191
www.vology.com//3778,www.vology.com//146
www.vology.com//3778,www.vology.com//3585
www.vology.com//3778,www.vology.com//1956
www.vology.com//3778,www.vology.com//2848
www.vology.com//3778,www.vology.com//1728
www.vology.com//3778,www.vology.com//1870
www.vology.com//3778,www.vology.com//4402
www.vology.com//3778,www.vology.com//4475
www.vology.com//3778,www.softwarecity.ca//737
www.vology.com//3778,www.vology.com//1001
www.vology.com//3778,www.vology.com//497
www.vology.com//3778,www.vology.com//1895
www.vology.com//3778,www.flexshopper.com//884
www.vology.com//3778,www.vology.com//1578
www.vology.com//3778,www.vology.com//4463
www.vology.com//3778,www.vology.com//1566
www.vology.com//3778,www.isupplyhub.com//1244
www.vology.com//873,www.vology.com//1026
www.vology.com//873,www.vology.com//2129
www.vology.com//873,www.flexshopper.com//488
www.vology.com//873,www.vology.com//3543
www.vology.com//873,www.pricequebec.com//824
www.vology.com//873,www.vology.com//4413
www.vology.com//873,www.vology.com//3944
www.vology.com//873,www.vology.com//4058
www.vology.com//873,www.vology.com//25
www.vology.com//873,www.vology.com//4000
www.vology.com//873,www.vology.com//457
www.vology.com//873,www.vology.com//214
www.vology.com//873,www.ebay.com//18562
www.vology.com//873,www.vology.com//2084
www.vology.com//873,www.vology.com//3901
www.vology.com//873,www.vology.com//80
www.vology.com//873,www.vology.com//3113
www.vology.com//873,www.vology.com//844
www.vology.com//873,www.vology.com//546
www.vology.com//873,www.ebay.com//16191
www.vology.com//873,www.vology.com//146
www.vology.com//873,www.vology.com//3585
www.vology.com//873,www.vology.com//1956
www.vology.com//873,www.vology.com//2848
www.vology.com//873,www.vology.com//1728
www.vology.com//873,www.vology.com//1870
www.vology.com//873,www.vology.com//4402
www.vology.com//873,www.vology.com//4475
www.vology.com//873,www.softwarecity.ca//737
www.vology.com//873,www.vology.com//1001
www.vology.com//873,www.vology.com//497
www.vology.com//873,www.vology.com//1895
www.vology.com//873,www.flexshopper.com//884
www.vology.com//873,www.vology.com//1578
www.vology.com//873,www.vology.com//4463
www.vology.com//873,www.vology.com//1566
www.vology.com//873,www.isupplyhub.com//1244
www.vology.com//1026,www.vology.com//2129
www.vology.com//1026,www.flexshopper.com//488
www.vology.com//1026,www.vology.com//3543
www.vology.com//1026,www.pricequebec.com//824
www.vology.com//1026,www.vology.com//4413
www.vology.com//1026,www.vology.com//3944
www.vology.com//1026,www.vology.com//4058
www.vology.com//1026,www.vology.com//25
www.vology.com//1026,www.vology.com//4000
www.vology.com//1026,www.vology.com//457
www.vology.com//1026,www.vology.com//214
www.vology.com//1026,www.ebay.com//18562
www.vology.com//1026,www.vology.com//2084
www.vology.com//1026,www.vology.com//3901
www.vology.com//1026,www.vology.com//80
www.vology.com//1026,www.vology.com//3113
www.vology.com//1026,www.vology.com//844
www.vology.com//1026,www.vology.com//546
www.vology.com//1026,www.ebay.com//16191
www.vology.com//1026,www.vology.com//146
www.vology.com//1026,www.vology.com//3585
www.vology.com//1026,www.vology.com//1956
www.vology.com//1026,www.vology.com//2848
www.vology.com//1026,www.vology.com//1728
www.vology.com//1026,www.vology.com//1870
www.vology.com//1026,www.vology.com//4402
www.vology.com//1026,www.vology.com//4475
www.vology.com//1026,www.softwarecity.ca//737
www.vology.com//1026,www.vology.com//1001
www.vology.com//1026,www.vology.com//497
www.vology.com//1026,www.vology.com//1895
www.vology.com//1026,www.flexshopper.com//884
www.vology.com//1026,www.vology.com//1578
www.vology.com//1026,www.vology.com//4463
www.vology.com//1026,www.vology.com//1566
www.vology.com//1026,www.isupplyhub.com//1244
www.vology.com//2129,www.flexshopper.com//488
www.vology.com//2129,www.vology.com//3543
www.vology.com//2129,www.pricequebec.com//824
www.vology.com//2129,www.vology.com//4413
www.vology.com//2129,www.vology.com//3944
www.vology.com//2129,www.vology.com//4058
www.vology.com//2129,www.vology.com//25
www.vology.com//2129,www.vology.com//4000
www.vology.com//2129,www.vology.com//457
www.vology.com//2129,www.vology.com//214
www.vology.com//2129,www.ebay.com//18562
www.vology.com//2129,www.vology.com//2084
www.vology.com//2129,www.vology.com//3901
www.vology.com//2129,www.vology.com//80
www.vology.com//2129,www.vology.com//3113
www.vology.com//2129,www.vology.com//844
www.vology.com//2129,www.vology.com//546
www.vology.com//2129,www.ebay.com//16191
www.vology.com//2129,www.vology.com//146
www.vology.com//2129,www.vology.com//3585
www.vology.com//2129,www.vology.com//1956
www.vology.com//2129,www.vology.com//2848
www.vology.com//2129,www.vology.com//1728
www.vology.com//2129,www.vology.com//1870
www.vology.com//2129,www.vology.com//4402
www.vology.com//2129,www.vology.com//4475
www.vology.com//2129,www.softwarecity.ca//737
www.vology.com//2129,www.vology.com//1001
www.vology.com//2129,www.vology.com//497
www.vology.com//2129,www.vology.com//1895
www.vology.com//2129,www.flexshopper.com//884
www.vology.com//2129,www.vology.com//1578
www.vology.com//2129,www.vology.com//4463
www.vology.com//2129,www.vology.com//1566
www.vology.com//2129,www.isupplyhub.com//1244
www.flexshopper.com//488,www.vology.com//3543
www.flexshopper.com//488,www.pricequebec.com//824
www.flexshopper.com//488,www.vology.com//4413
www.flexshopper.com//488,www.vology.com//3944
www.flexshopper.com//488,www.vology.com//4058
www.flexshopper.com//488,www.vology.com//25
www.flexshopper.com//488,www.vology.com//4000
www.flexshopper.com//488,www.vology.com//457
www.flexshopper.com//488,www.vology.com//214
www.flexshopper.com//488,www.ebay.com//18562
www.flexshopper.com//488,www.vology.com//2084
www.flexshopper.com//488,www.vology.com//3901
www.flexshopper.com//488,www.vology.com//80
www.flexshopper.com//488,www.vology.com//3113
www.flexshopper.com//488,www.vology.com//844
www.flexshopper.com//488,www.vology.com//546
www.flexshopper.com//488,www.ebay.com//16191
www.flexshopper.com//488,www.vology.com//146
www.flexshopper.com//488,www.vology.com//3585
www.flexshopper.com//488,www.vology.com//1956
www.flexshopper.com//488,www.vology.com//2848
www.flexshopper.com//488,www.vology.com//1728
www.flexshopper.com//488,www.vology.com//1870
www.flexshopper.com//488,www.vology.com//4402
www.flexshopper.com//488,www.vology.com//4475
www.flexshopper.com//488,www.softwarecity.ca//737
www.flexshopper.com//488,www.vology.com//1001
www.flexshopper.com//488,www.vology.com//497
www.flexshopper.com//488,www.vology.com//1895
www.flexshopper.com//488,www.flexshopper.com//884
www.flexshopper.com//488,www.vology.com//1578
www.flexshopper.com//488,www.vology.com//4463
www.flexshopper.com//488,www.vology.com//1566
www.flexshopper.com//488,www.isupplyhub.com//1244
www.vology.com//3543,www.pricequebec.com//824
www.vology.com//3543,www.vology.com//4413
www.vology.com//3543,www.vology.com//3944
www.vology.com//3543,www.vology.com//4058
www.vology.com//3543,www.vology.com//25
www.vology.com//3543,www.vology.com//4000
www.vology.com//3543,www.vology.com//457
www.vology.com//3543,www.vology.com//214
www.vology.com//3543,www.ebay.com//18562
www.vology.com//3543,www.vology.com//2084
www.vology.com//3543,www.vology.com//3901
www.vology.com//3543,www.vology.com//80
www.vology.com//3543,www.vology.com//3113
www.vology.com//3543,www.vology.com//844
www.vology.com//3543,www.vology.com//546
www.vology.com//3543,www.ebay.com//16191
www.vology.com//3543,www.vology.com//146
www.vology.com//3543,www.vology.com//3585
www.vology.com//3543,www.vology.com//1956
www.vology.com//3543,www.vology.com//2848
www.vology.com//3543,www.vology.com//1728
www.vology.com//3543,www.vology.com//1870
www.vology.com//3543,www.vology.com//4402
www.vology.com//3543,www.vology.com//4475
www.vology.com//3543,www.softwarecity.ca//737
www.vology.com//3543,www.vology.com//1001
www.vology.com//3543,www.vology.com//497
www.vology.com//3543,www.vology.com//1895
www.vology.com//3543,www.flexshopper.com//884
www.vology.com//3543,www.vology.com//1578
www.vology.com//3543,www.vology.com//4463
www.vology.com//3543,www.vology.com//1566
www.vology.com//3543,www.isupplyhub.com//1244
www.pricequebec.com//824,www.vology.com//4413
www.pricequebec.com//824,www.vology.com//3944
www.pricequebec.com//824,www.vology.com//4058
www.pricequebec.com//824,www.vology.com//25
www.pricequebec.com//824,www.vology.com//4000
www.pricequebec.com//824,www.vology.com//457
www.pricequebec.com//824,www.vology.com//214
www.pricequebec.com//824,www.ebay.com//18562
www.pricequebec.com//824,www.vology.com//2084
www.pricequebec.com//824,www.vology.com//3901
www.pricequebec.com//824,www.vology.com//80
www.pricequebec.com//824,www.vology.com//3113
www.pricequebec.com//824,www.vology.com//844
www.pricequebec.com//824,www.vology.com//546
www.pricequebec.com//824,www.ebay.com//16191
www.pricequebec.com//824,www.vology.com//146
www.pricequebec.com//824,www.vology.com//3585
www.pricequebec.com//824,www.vology.com//1956
www.pricequebec.com//824,www.vology.com//2848
www.pricequebec.com//824,www.vology.com//1728
www.pricequebec.com//824,www.vology.com//1870
www.pricequebec.com//824,www.vology.com//4402
www.pricequebec.com//824,www.vology.com//4475
www.pricequebec.com//824,www.softwarecity.ca//737
www.pricequebec.com//824,www.vology.com//1001
www.pricequebec.com//824,www.vology.com//497
www.pricequebec.com//824,www.vology.com//1895
www.pricequebec.com//824,www.flexshopper.com//884
www.pricequebec.com//824,www.vology.com//1578
www.pricequebec.com//824,www.vology.com//4463
www.pricequebec.com//824,www.vology.com//1566
www.pricequebec.com//824,www.isupplyhub.com//1244
www.vology.com//4413,www.vology.com//3944
www.vology.com//4413,www.vology.com//4058
www.vology.com//4413,www.vology.com//25
www.vology.com//4413,www.vology.com//4000
www.vology.com//4413,www.vology.com//457
www.vology.com//4413,www.vology.com//214
www.vology.com//4413,www.ebay.com//18562
www.vology.com//4413,www.vology.com//2084
www.vology.com//4413,www.vology.com//3901
www.vology.com//4413,www.vology.com//80
www.vology.com//4413,www.vology.com//3113
www.vology.com//4413,www.vology.com//844
www.vology.com//4413,www.vology.com//546
www.vology.com//4413,www.ebay.com//16191
www.vology.com//4413,www.vology.com//146
www.vology.com//4413,www.vology.com//3585
www.vology.com//4413,www.vology.com//1956
www.vology.com//4413,www.vology.com//2848
www.vology.com//4413,www.vology.com//1728
www.vology.com//4413,www.vology.com//1870
www.vology.com//4413,www.vology.com//4402
www.vology.com//4413,www.vology.com//4475
www.vology.com//4413,www.softwarecity.ca//737
www.vology.com//4413,www.vology.com//1001
www.vology.com//4413,www.vology.com//497
www.vology.com//4413,www.vology.com//1895
www.vology.com//4413,www.flexshopper.com//884
www.vology.com//4413,www.vology.com//1578
www.vology.com//4413,www.vology.com//4463
www.vology.com//4413,www.vology.com//1566
www.vology.com//4413,www.isupplyhub.com//1244
www.vology.com//3944,www.vology.com//4058
www.vology.com//3944,www.vology.com//25
www.vology.com//3944,www.vology.com//4000
www.vology.com//3944,www.vology.com//457
www.vology.com//3944,www.vology.com//214
www.vology.com//3944,www.ebay.com//18562
www.vology.com//3944,www.vology.com//2084
www.vology.com//3944,www.vology.com//3901
www.vology.com//3944,www.vology.com//80
www.vology.com//3944,www.vology.com//3113
www.vology.com//3944,www.vology.com//844
www.vology.com//3944,www.vology.com//546
www.vology.com//3944,www.ebay.com//16191
www.vology.com//3944,www.vology.com//146
www.vology.com//3944,www.vology.com//3585
www.vology.com//3944,www.vology.com//1956
www.vology.com//3944,www.vology.com//2848
www.vology.com//3944,www.vology.com//1728
www.vology.com//3944,www.vology.com//1870
www.vology.com//3944,www.vology.com//4402
www.vology.com//3944,www.vology.com//4475
www.vology.com//3944,www.softwarecity.ca//737
www.vology.com//3944,www.vology.com//1001
www.vology.com//3944,www.vology.com//497
www.vology.com//3944,www.vology.com//1895
www.vology.com//3944,www.flexshopper.com//884
www.vology.com//3944,www.vology.com//1578
www.vology.com//3944,www.vology.com//4463
www.vology.com//3944,www.vology.com//1566
www.vology.com//3944,www.isupplyhub.com//1244
www.vology.com//4058,www.vology.com//25
www.vology.com//4058,www.vology.com//4000
www.vology.com//4058,www.vology.com//457
www.vology.com//4058,www.vology.com//214
www.vology.com//4058,www.ebay.com//18562
www.vology.com//4058,www.vology.com//2084
www.vology.com//4058,www.vology.com//3901
www.vology.com//4058,www.vology.com//80
www.vology.com//4058,www.vology.com//3113
www.vology.com//4058,www.vology.com//844
www.vology.com//4058,www.vology.com//546
www.vology.com//4058,www.ebay.com//16191
www.vology.com//4058,www.vology.com//146
www.vology.com//4058,www.vology.com//3585
www.vology.com//4058,www.vology.com//1956
www.vology.com//4058,www.vology.com//2848
www.vology.com//4058,www.vology.com//1728
www.vology.com//4058,www.vology.com//1870
www.vology.com//4058,www.vology.com//4402
www.vology.com//4058,www.vology.com//4475
www.vology.com//4058,www.softwarecity.ca//737
www.vology.com//4058,www.vology.com//1001
www.vology.com//4058,www.vology.com//497
www.vology.com//4058,www.vology.com//1895
www.vology.com//4058,www.flexshopper.com//884
www.vology.com//4058,www.vology.com//1578
www.vology.com//4058,www.vology.com//4463
www.vology.com//4058,www.vology.com//1566
www.vology.com//4058,www.isupplyhub.com//1244
www.vology.com//25,www.vology.com//4000
www.vology.com//25,www.vology.com//457
www.vology.com//25,www.vology.com//214
www.vology.com//25,www.ebay.com//18562
www.vology.com//25,www.vology.com//2084
www.vology.com//25,www.vology.com//3901
www.vology.com//25,www.vology.com//80
www.vology.com//25,www.vology.com//3113
www.vology.com//25,www.vology.com//844
www.vology.com//25,www.vology.com//546
www.vology.com//25,www.ebay.com//16191
www.vology.com//25,www.vology.com//146
www.vology.com//25,www.vology.com//3585
www.vology.com//25,www.vology.com//1956
www.vology.com//25,www.vology.com//2848
www.vology.com//25,www.vology.com//1728
www.vology.com//25,www.vology.com//1870
www.vology.com//25,www.vology.com//4402
www.vology.com//25,www.vology.com//4475
www.vology.com//25,www.softwarecity.ca//737
www.vology.com//25,www.vology.com//1001
www.vology.com//25,www.vology.com//497
www.vology.com//25,www.vology.com//1895
www.vology.com//25,www.flexshopper.com//884
www.vology.com//25,www.vology.com//1578
www.vology.com//25,www.vology.com//4463
www.vology.com//25,www.vology.com//1566
www.vology.com//25,www.isupplyhub.com//1244
www.vology.com//4000,www.vology.com//457
www.vology.com//4000,www.vology.com//214
www.vology.com//4000,www.ebay.com//18562
www.vology.com//4000,www.vology.com//2084
www.vology.com//4000,www.vology.com//3901
www.vology.com//4000,www.vology.com//80
www.vology.com//4000,www.vology.com//3113
www.vology.com//4000,www.vology.com//844
www.vology.com//4000,www.vology.com//546
www.vology.com//4000,www.ebay.com//16191
www.vology.com//4000,www.vology.com//146
www.vology.com//4000,www.vology.com//3585
www.vology.com//4000,www.vology.com//1956
www.vology.com//4000,www.vology.com//2848
www.vology.com//4000,www.vology.com//1728
www.vology.com//4000,www.vology.com//1870
www.vology.com//4000,www.vology.com//4402
www.vology.com//4000,www.vology.com//4475
www.vology.com//4000,www.softwarecity.ca//737
www.vology.com//4000,www.vology.com//1001
www.vology.com//4000,www.vology.com//497
www.vology.com//4000,www.vology.com//1895
www.vology.com//4000,www.flexshopper.com//884
www.vology.com//4000,www.vology.com//1578
www.vology.com//4000,www.vology.com//4463
www.vology.com//4000,www.vology.com//1566
www.vology.com//4000,www.isupplyhub.com//1244
www.vology.com//457,www.vology.com//214
www.vology.com//457,www.ebay.com//18562
www.vology.com//457,www.vology.com//2084
www.vology.com//457,www.vology.com//3901
www.vology.com//457,www.vology.com//80
www.vology.com//457,www.vology.com//3113
www.vology.com//457,www.vology.com//844
www.vology.com//457,www.vology.com//546
www.vology.com//457,www.ebay.com//16191
www.vology.com//457,www.vology.com//146
www.vology.com//457,www.vology.com//3585
www.vology.com//457,www.vology.com//1956
www.vology.com//457,www.vology.com//2848
www.vology.com//457,www.vology.com//1728
www.vology.com//457,www.vology.com//1870
www.vology.com//457,www.vology.com//4402
www.vology.com//457,www.vology.com//4475
www.vology.com//457,www.softwarecity.ca//737
www.vology.com//457,www.vology.com//1001
www.vology.com//457,www.vology.com//497
www.vology.com//457,www.vology.com//1895
www.vology.com//457,www.flexshopper.com//884
www.vology.com//457,www.vology.com//1578
www.vology.com//457,www.vology.com//4463
www.vology.com//457,www.vology.com//1566
www.vology.com//457,www.isupplyhub.com//1244
www.vology.com//214,www.ebay.com//18562
www.vology.com//214,www.vology.com//2084
www.vology.com//214,www.vology.com//3901
www.vology.com//214,www.vology.com//80
www.vology.com//214,www.vology.com//3113
www.vology.com//214,www.vology.com//844
www.vology.com//214,www.vology.com//546
www.vology.com//214,www.ebay.com//16191
www.vology.com//214,www.vology.com//146
www.vology.com//214,www.vology.com//3585
www.vology.com//214,www.vology.com//1956
www.vology.com//214,www.vology.com//2848
www.vology.com//214,www.vology.com//1728
www.vology.com//214,www.vology.com//1870
www.vology.com//214,www.vology.com//4402
www.vology.com//214,www.vology.com//4475
www.vology.com//214,www.softwarecity.ca//737
www.vology.com//214,www.vology.com//1001
www.vology.com//214,www.vology.com//497
www.vology.com//214,www.vology.com//1895
www.vology.com//214,www.flexshopper.com//884
www.vology.com//214,www.vology.com//1578
www.vology.com//214,www.vology.com//4463
www.vology.com//214,www.vology.com//1566
www.vology.com//214,www.isupplyhub.com//1244
www.ebay.com//18562,www.vology.com//2084
www.ebay.com//18562,www.vology.com//3901
www.ebay.com//18562,www.vology.com//80
www.ebay.com//18562,www.vology.com//3113
www.ebay.com//18562,www.vology.com//844
www.ebay.com//18562,www.vology.com//546
www.ebay.com//18562,www.ebay.com//16191
www.ebay.com//18562,www.vology.com//146
www.ebay.com//18562,www.vology.com//3585
www.ebay.com//18562,www.vology.com//1956
www.ebay.com//18562,www.vology.com//2848
www.ebay.com//18562,www.vology.com//1728
www.ebay.com//18562,www.vology.com//1870
www.ebay.com//18562,www.vology.com//4402
www.ebay.com//18562,www.vology.com//4475
www.ebay.com//18562,www.softwarecity.ca//737
www.ebay.com//18562,www.vology.com//1001
www.ebay.com//18562,www.vology.com//497
www.ebay.com//18562,www.vology.com//1895
www.ebay.com//18562,www.flexshopper.com//884
www.ebay.com//18562,www.vology.com//1578
www.ebay.com//18562,www.vology.com//4463
www.ebay.com//18562,www.vology.com//1566
www.ebay.com//18562,www.isupplyhub.com//1244
www.vology.com//2084,www.vology.com//3901
www.vology.com//2084,www.vology.com//80
www.vology.com//2084,www.vology.com//3113
www.vology.com//2084,www.vology.com//844
www.vology.com//2084,www.vology.com//546
www.vology.com//2084,www.ebay.com//16191
www.vology.com//2084,www.vology.com//146
www.vology.com//2084,www.vology.com//3585
www.vology.com//2084,www.vology.com//1956
www.vology.com//2084,www.vology.com//2848
www.vology.com//2084,www.vology.com//1728
www.vology.com//2084,www.vology.com//1870
www.vology.com//2084,www.vology.com//4402
www.vology.com//2084,www.vology.com//4475
www.vology.com//2084,www.softwarecity.ca//737
www.vology.com//2084,www.vology.com//1001
www.vology.com//2084,www.vology.com//497
www.vology.com//2084,www.vology.com//1895
www.vology.com//2084,www.flexshopper.com//884
www.vology.com//2084,www.vology.com//1578
www.vology.com//2084,www.vology.com//4463
www.vology.com//2084,www.vology.com//1566
www.vology.com//2084,www.isupplyhub.com//1244
www.vology.com//3901,www.vology.com//80
www.vology.com//3901,www.vology.com//3113
www.vology.com//3901,www.vology.com//844
www.vology.com//3901,www.vology.com//546
www.vology.com//3901,www.ebay.com//16191
www.vology.com//3901,www.vology.com//146
www.vology.com//3901,www.vology.com//3585
www.vology.com//3901,www.vology.com//1956
www.vology.com//3901,www.vology.com//2848
www.vology.com//3901,www.vology.com//1728
www.vology.com//3901,www.vology.com//1870
www.vology.com//3901,www.vology.com//4402
www.vology.com//3901,www.vology.com//4475
www.vology.com//3901,www.softwarecity.ca//737
www.vology.com//3901,www.vology.com//1001
www.vology.com//3901,www.vology.com//497
www.vology.com//3901,www.vology.com//1895
www.vology.com//3901,www.flexshopper.com//884
www.vology.com//3901,www.vology.com//1578
www.vology.com//3901,www.vology.com//4463
www.vology.com//3901,www.vology.com//1566
www.vology.com//3901,www.isupplyhub.com//1244
www.vology.com//80,www.vology.com//3113
www.vology.com//80,www.vology.com//844
www.vology.com//80,www.vology.com//546
www.vology.com//80,www.ebay.com//16191
www.vology.com//80,www.vology.com//146
www.vology.com//80,www.vology.com//3585
www.vology.com//80,www.vology.com//1956
www.vology.com//80,www.vology.com//2848
www.vology.com//80,www.vology.com//1728
www.vology.com//80,www.vology.com//1870
www.vology.com//80,www.vology.com//4402
www.vology.com//80,www.vology.com//4475
www.vology.com//80,www.softwarecity.ca//737
www.vology.com//80,www.vology.com//1001
www.vology.com//80,www.vology.com//497
www.vology.com//80,www.vology.com//1895
www.vology.com//80,www.flexshopper.com//884
www.vology.com//80,www.vology.com//1578
www.vology.com//80,www.vology.com//4463
www.vology.com//80,www.vology.com//1566
www.vology.com//80,www.isupplyhub.com//1244
www.vology.com//3113,www.vology.com//844
www.vology.com//3113,www.vology.com//546
www.vology.com//3113,www.ebay.com//16191
www.vology.com//3113,www.vology.com//146
www.vology.com//3113,www.vology.com//3585
www.vology.com//3113,www.vology.com//1956
www.vology.com//3113,www.vology.com//2848
www.vology.com//3113,www.vology.com//1728
www.vology.com//3113,www.vology.com//1870
www.vology.com//3113,www.vology.com//4402
www.vology.com//3113,www.vology.com//4475
www.vology.com//3113,www.softwarecity.ca//737
www.vology.com//3113,www.vology.com//1001
www.vology.com//3113,www.vology.com//497
www.vology.com//3113,www.vology.com//1895
www.vology.com//3113,www.flexshopper.com//884
www.vology.com//3113,www.vology.com//1578
www.vology.com//3113,www.vology.com//4463
www.vology.com//3113,www.vology.com//1566
www.vology.com//3113,www.isupplyhub.com//1244
www.vology.com//844,www.vology.com//546
www.vology.com//844,www.ebay.com//16191
www.vology.com//844,www.vology.com//146
www.vology.com//844,www.vology.com//3585
www.vology.com//844,www.vology.com//1956
www.vology.com//844,www.vology.com//2848
www.vology.com//844,www.vology.com//1728
www.vology.com//844,www.vology.com//1870
www.vology.com//844,www.vology.com//4402
www.vology.com//844,www.vology.com//4475
www.vology.com//844,www.softwarecity.ca//737
www.vology.com//844,www.vology.com//1001
www.vology.com//844,www.vology.com//497
www.vology.com//844,www.vology.com//1895
www.vology.com//844,www.flexshopper.com//884
www.vology.com//844,www.vology.com//1578
www.vology.com//844,www.vology.com//4463
www.vology.com//844,www.vology.com//1566
www.vology.com//844,www.isupplyhub.com//1244
www.vology.com//546,www.ebay.com//16191
www.vology.com//546,www.vology.com//146
www.vology.com//546,www.vology.com//3585
www.vology.com//546,www.vology.com//1956
www.vology.com//546,www.vology.com//2848
www.vology.com//546,www.vology.com//1728
www.vology.com//546,www.vology.com//1870
www.vology.com//546,www.vology.com//4402
www.vology.com//546,www.vology.com//4475
www.vology.com//546,www.softwarecity.ca//737
www.vology.com//546,www.vology.com//1001
www.vology.com//546,www.vology.com//497
www.vology.com//546,www.vology.com//1895
www.vology.com//546,www.flexshopper.com//884
www.vology.com//546,www.vology.com//1578
www.vology.com//546,www.vology.com//4463
www.vology.com//546,www.vology.com//1566
www.vology.com//546,www.isupplyhub.com//1244
www.ebay.com//16191,www.vology.com//146
www.ebay.com//16191,www.vology.com//3585
www.ebay.com//16191,www.vology.com//1956
www.ebay.com//16191,www.vology.com//2848
www.ebay.com//16191,www.vology.com//1728
www.ebay.com//16191,www.vology.com//1870
www.ebay.com//16191,www.vology.com//4402
www.ebay.com//16191,www.vology.com//4475
www.ebay.com//16191,www.softwarecity.ca//737
www.ebay.com//16191,www.vology.com//1001
www.ebay.com//16191,www.vology.com//497
www.ebay.com//16191,www.vology.com//1895
www.ebay.com//16191,www.flexshopper.com//884
www.ebay.com//16191,www.vology.com//1578
www.ebay.com//16191,www.vology.com//4463
www.ebay.com//16191,www.vology.com//1566
www.ebay.com//16191,www.isupplyhub.com//1244
www.vology.com//146,www.vology.com//3585
www.vology.com//146,www.vology.com//1956
www.vology.com//146,www.vology.com//2848
www.vology.com//146,www.vology.com//1728
www.vology.com//146,www.vology.com//1870
www.vology.com//146,www.vology.com//4402
www.vology.com//146,www.vology.com//4475
www.vology.com//146,www.softwarecity.ca//737
www.vology.com//146,www.vology.com//1001
www.vology.com//146,www.vology.com//497
www.vology.com//146,www.vology.com//1895
www.vology.com//146,www.flexshopper.com//884
www.vology.com//146,www.vology.com//1578
www.vology.com//146,www.vology.com//4463
www.vology.com//146,www.vology.com//1566
www.vology.com//146,www.isupplyhub.com//1244
www.vology.com//3585,www.vology.com//1956
www.vology.com//3585,www.vology.com//2848
www.vology.com//3585,www.vology.com//1728
www.vology.com//3585,www.vology.com//1870
www.vology.com//3585,www.vology.com//4402
www.vology.com//3585,www.vology.com//4475
www.vology.com//3585,www.softwarecity.ca//737
www.vology.com//3585,www.vology.com//1001
www.vology.com//3585,www.vology.com//497
www.vology.com//3585,www.vology.com//1895
www.vology.com//3585,www.flexshopper.com//884
www.vology.com//3585,www.vology.com//1578
www.vology.com//3585,www.vology.com//4463
www.vology.com//3585,www.vology.com//1566
www.vology.com//3585,www.isupplyhub.com//1244
www.vology.com//1956,www.vology.com//2848
www.vology.com//1956,www.vology.com//1728
www.vology.com//1956,www.vology.com//1870
www.vology.com//1956,www.vology.com//4402
www.vology.com//1956,www.vology.com//4475
www.vology.com//1956,www.softwarecity.ca//737
www.vology.com//1956,www.vology.com//1001
www.vology.com//1956,www.vology.com//497
www.vology.com//1956,www.vology.com//1895
www.vology.com//1956,www.flexshopper.com//884
www.vology.com//1956,www.vology.com//1578
www.vology.com//1956,www.vology.com//4463
www.vology.com//1956,www.vology.com//1566
www.vology.com//1956,www.isupplyhub.com//1244
www.vology.com//2848,www.vology.com//1728
www.vology.com//2848,www.vology.com//1870
www.vology.com//2848,www.vology.com//4402
www.vology.com//2848,www.vology.com//4475
www.vology.com//2848,www.softwarecity.ca//737
www.vology.com//2848,www.vology.com//1001
www.vology.com//2848,www.vology.com//497
www.vology.com//2848,www.vology.com//1895
www.vology.com//2848,www.flexshopper.com//884
www.vology.com//2848,www.vology.com//1578
www.vology.com//2848,www.vology.com//4463
www.vology.com//2848,www.vology.com//1566
www.vology.com//2848,www.isupplyhub.com//1244
www.vology.com//1728,www.vology.com//1870
www.vology.com//1728,www.vology.com//4402
www.vology.com//1728,www.vology.com//4475
www.vology.com//1728,www.softwarecity.ca//737
www.vology.com//1728,www.vology.com//1001
www.vology.com//1728,www.vology.com//497
www.vology.com//1728,www.vology.com//1895
www.vology.com//1728,www.flexshopper.com//884
www.vology.com//1728,www.vology.com//1578
www.vology.com//1728,www.vology.com//4463
www.vology.com//1728,www.vology.com//1566
www.vology.com//1728,www.isupplyhub.com//1244
www.vology.com//1870,www.vology.com//4402
www.vology.com//1870,www.vology.com//4475
www.vology.com//1870,www.softwarecity.ca//737
www.vology.com//1870,www.vology.com//1001
www.vology.com//1870,www.vology.com//497
www.vology.com//1870,www.vology.com//1895
www.vology.com//1870,www.flexshopper.com//884
www.vology.com//1870,www.vology.com//1578
www.vology.com//1870,www.vology.com//4463
www.vology.com//1870,www.vology.com//1566
www.vology.com//1870,www.isupplyhub.com//1244
www.vology.com//4402,www.vology.com//4475
www.vology.com//4402,www.softwarecity.ca//737
www.vology.com//4402,www.vology.com//1001
www.vology.com//4402,www.vology.com//497
www.vology.com//4402,www.vology.com//1895
www.vology.com//4402,www.flexshopper.com//884
www.vology.com//4402,www.vology.com//1578
www.vology.com//4402,www.vology.com//4463
www.vology.com//4402,www.vology.com//1566
www.vology.com//4402,www.isupplyhub.com//1244
www.vology.com//4475,www.softwarecity.ca//737
www.vology.com//4475,www.vology.com//1001
www.vology.com//4475,www.vology.com//497
www.vology.com//4475,www.vology.com//1895
www.vology.com//4475,www.flexshopper.com//884
www.vology.com//4475,www.vology.com//1578
www.vology.com//4475,www.vology.com//4463
www.vology.com//4475,www.vology.com//1566
www.vology.com//4475,www.isupplyhub.com//1244
www.softwarecity.ca//737,www.vology.com//1001
www.softwarecity.ca//737,www.vology.com//497
www.softwarecity.ca//737,www.vology.com//1895
www.softwarecity.ca//737,www.flexshopper.com//884
www.softwarecity.ca//737,www.vology.com//1578
www.softwarecity.ca//737,www.vology.com//4463
www.softwarecity.ca//737,www.vology.com//1566
www.softwarecity.ca//737,www.isupplyhub.com//1244
www.vology.com//1001,www.vology.com//497
www.vology.com//1001,www.vology.com//1895
www.vology.com//1001,www.flexshopper.com//884
www.vology.com//1001,www.vology.com//1578
www.vology.com//1001,www.vology.com//4463
www.vology.com//1001,www.vology.com//1566
www.vology.com//1001,www.isupplyhub.com//1244
www.vology.com//497,www.vology.com//1895
www.vology.com//497,www.flexshopper.com//884
www.vology.com//497,www.vology.com//1578
www.vology.com//497,www.vology.com//4463
www.vology.com//497,www.vology.com//1566
www.vology.com//497,www.isupplyhub.com//1244
www.vology.com//1895,www.flexshopper.com//884
www.vology.com//1895,www.vology.com//1578
www.vology.com//1895,www.vology.com//4463
www.vology.com//1895,www.vology.com//1566
www.vology.com//1895,www.isupplyhub.com//1244
www.flexshopper.com//884,www.vology.com//1578
www.flexshopper.com//884,www.vology.com//4463
www.flexshopper.com//884,www.vology.com//1566
www.flexshopper.com//884,www.isupplyhub.com//1244
www.vology.com//1578,www.vology.com//4463
www.vology.com//1578,www.vology.com//1566
www.vology.com//1578,www.isupplyhub.com//1244
www.vology.com//4463,www.vology.com//1566
www.vology.com//4463,www.isupplyhub.com//1244
www.vology.com//1566,www.isupplyhub.com//1244
www.vology.com//103,www.vology.com//3333
www.vology.com//103,www.vology.com//807
www.vology.com//3333,www.vology.com//807
www.vology.com//4482,www.vology.com//230
www.vology.com//4482,www.vology.com//4100
www.vology.com//4482,www.vology.com//2723
www.vology.com//4482,www.vology.com//1191
www.vology.com//230,www.vology.com//4100
www.vology.com//230,www.vology.com//2723
www.vology.com//230,www.vology.com//1191
www.vology.com//4100,www.vology.com//2723
www.vology.com//4100,www.vology.com//1191
www.vology.com//2723,www.vology.com//1191
www.vology.com//521,www.vology.com//1277
www.vology.com//3718,www.vology.com//2989
www.vology.com//3718,www.vology.com//1349
www.vology.com//2989,www.vology.com//1349
www.vology.com//1434,www.vology.com//3351
www.vology.com//4493,www.vology.com//1608
www.vology.com//4493,www.vology.com//4068
www.vology.com//1608,www.vology.com//4068
www.vology.com//4288,www.vology.com//3641
www.vology.com//4288,www.vology.com//1678
www.vology.com//3641,www.vology.com//1678
www.vology.com//2097,www.vology.com//1801
www.vology.com//3017,www.vology.com//3938
www.vology.com//4484,www.vology.com//3356
www.vology.com//2738,www.vology.com//1181
www.vology.com//2738,www.vology.com//4473
www.vology.com//2738,www.vology.com//260
www.vology.com//2738,www.vology.com//4503
www.vology.com//2738,www.vology.com//1935
www.vology.com//2738,www.vology.com//3508
www.vology.com//2738,www.vology.com//4125
www.vology.com//1181,www.vology.com//4473
www.vology.com//1181,www.vology.com//260
www.vology.com//1181,www.vology.com//4503
www.vology.com//1181,www.vology.com//1935
www.vology.com//1181,www.vology.com//3508
www.vology.com//1181,www.vology.com//4125
www.vology.com//4473,www.vology.com//260
www.vology.com//4473,www.vology.com//4503
www.vology.com//4473,www.vology.com//1935
www.vology.com//4473,www.vology.com//3508
www.vology.com//4473,www.vology.com//4125
www.vology.com//260,www.vology.com//4503
www.vology.com//260,www.vology.com//1935
www.vology.com//260,www.vology.com//3508
www.vology.com//260,www.vology.com//4125
www.vology.com//4503,www.vology.com//1935
www.vology.com//4503,www.vology.com//3508
www.vology.com//4503,www.vology.com//4125
www.vology.com//1935,www.vology.com//3508
www.vology.com//1935,www.vology.com//4125
www.vology.com//3508,www.vology.com//4125
www.vology.com//3281,www.vology.com//1438
www.vology.com//1810,www.vology.com//3742
www.vology.com//1810,www.vology.com//3304
www.vology.com//1810,www.vology.com//3674
www.vology.com//1810,www.vology.com//4108
www.vology.com//1810,www.vology.com//1889
www.vology.com//1810,www.vology.com//1618
www.vology.com//1810,www.vology.com//1463
www.vology.com//3742,www.vology.com//3304
www.vology.com//3742,www.vology.com//3674
www.vology.com//3742,www.vology.com//4108
www.vology.com//3742,www.vology.com//1889
www.vology.com//3742,www.vology.com//1618
www.vology.com//3742,www.vology.com//1463
www.vology.com//3304,www.vology.com//3674
www.vology.com//3304,www.vology.com//4108
www.vology.com//3304,www.vology.com//1889
www.vology.com//3304,www.vology.com//1618
www.vology.com//3304,www.vology.com//1463
www.vology.com//3674,www.vology.com//4108
www.vology.com//3674,www.vology.com//1889
www.vology.com//3674,www.vology.com//1618
www.vology.com//3674,www.vology.com//1463
www.vology.com//4108,www.vology.com//1889
www.vology.com//4108,www.vology.com//1618
www.vology.com//4108,www.vology.com//1463
www.vology.com//1889,www.vology.com//1618
www.vology.com//1889,www.vology.com//1463
www.vology.com//1618,www.vology.com//1463
www.vology.com//2934,www.vology.com//1843
www.vology.com//2934,www.vology.com//3334
www.vology.com//2934,www.vology.com//2908
www.vology.com//2934,www.vology.com//4323
www.vology.com//2934,www.ebay.com//13884
www.vology.com//2934,www.vology.com//3635
www.vology.com//2934,www.vology.com//3945
www.vology.com//1843,www.vology.com//3334
www.vology.com//1843,www.vology.com//2908
www.vology.com//1843,www.vology.com//4323
www.vology.com//1843,www.ebay.com//13884
www.vology.com//1843,www.vology.com//3635
www.vology.com//1843,www.vology.com//3945
www.vology.com//3334,www.vology.com//2908
www.vology.com//3334,www.vology.com//4323
www.vology.com//3334,www.ebay.com//13884
www.vology.com//3334,www.vology.com//3635
www.vology.com//3334,www.vology.com//3945
www.vology.com//2908,www.vology.com//4323
www.vology.com//2908,www.ebay.com//13884
www.vology.com//2908,www.vology.com//3635
www.vology.com//2908,www.vology.com//3945
www.vology.com//4323,www.ebay.com//13884
www.vology.com//4323,www.vology.com//3635
www.vology.com//4323,www.vology.com//3945
www.ebay.com//13884,www.vology.com//3635
www.ebay.com//13884,www.vology.com//3945
www.vology.com//3635,www.vology.com//3945
www.vology.com//2064,www.vology.com//3597
www.vology.com//399,www.vology.com//3679
www.ebay.com//5031,www.ebay.com//49420
